<?xml version="1.0" encoding="UTF-8"?>
<!-- Created with TexturePacker http://texturepacker.com-->
<!-- $TexturePacker:SmartUpdate:f1d6351e093d378a2af56591029738fe$ -->
<TextureAtlas imagePath="gui.png">
    <SubTexture name="arrow" x="68" y="2" width="41" height="46"/>
    <SubTexture name="bouton0001" x="434" y="266" width="430" height="100"/>
    <SubTexture name="bouton0002" x="2" y="266" width="430" height="100"/>
    <SubTexture name="bouton0003" x="2" y="266" width="430" height="100"/>
    <SubTexture name="bouton0004" x="434" y="164" width="430" height="100"/>
    <SubTexture name="bouton0005" x="2" y="164" width="430" height="100"/>
    <SubTexture name="bouton0006" x="2" y="470" width="430" height="100"/>
    <SubTexture name="bouton0007" x="2" y="368" width="430" height="100"/>
    <SubTexture name="bouton0008" x="434" y="368" width="430" height="100"/>
    <SubTexture name="bouton0009" x="434" y="470" width="430" height="100"/>
    <SubTexture name="bouton0010" x="2" y="674" width="430" height="100"/>
    <SubTexture name="bouton0011" x="2" y="572" width="430" height="100"/>
    <SubTexture name="bouton0012" x="434" y="572" width="430" height="100"/>
    <SubTexture name="load1" x="673" y="2" width="160" height="160"/>
    <SubTexture name="load2" x="349" y="2" width="160" height="160"/>
    <SubTexture name="load3" x="511" y="2" width="160" height="160"/>
    <SubTexture name="load4" x="187" y="2" width="160" height="160"/>
    <SubTexture name="load5" x="835" y="2" width="160" height="160"/>
    <SubTexture name="mouse" x="111" y="2" width="74" height="80"/>
    <SubTexture name="star_off" x="35" y="2" width="31" height="35"/>
    <SubTexture name="star_on" x="2" y="2" width="31" height="35"/>
</TextureAtlas>
