<?xml version="1.0" encoding="UTF-8"?>
<!-- Created with TexturePacker http://texturepacker.com-->
<!-- $TexturePacker:SmartUpdate:8bef3001ca37071107b904d4aae74a28$ -->
<TextureAtlas imagePath="planets.png">
    <SubTexture name="asteroid1" x="550" y="2200" width="150" height="150"/>
    <SubTexture name="asteroid2" x="850" y="2200" width="150" height="150"/>
    <SubTexture name="asteroid3" x="700" y="2200" width="150" height="150"/>
    <SubTexture name="gas_1" x="0" y="1100" width="550" height="550"/>
    <SubTexture name="gas_2" x="550" y="1650" width="550" height="550"/>
    <SubTexture name="gas_3" x="0" y="1650" width="550" height="550"/>
    <SubTexture name="gas_bg1" x="550" y="550" width="550" height="550"/>
    <SubTexture name="gas_bg2" x="1100" y="0" width="550" height="550"/>
    <SubTexture name="gas_bg3" x="0" y="0" width="550" height="550"/>
    <SubTexture name="moon_black" x="550" y="1100" width="550" height="550"/>
    <SubTexture name="moon_ice" x="1100" y="1650" width="550" height="550"/>
    <SubTexture name="moon_white" x="0" y="2200" width="550" height="550"/>
    <SubTexture name="particle_smoke" x="1000" y="2200" width="125" height="125"/>
    <SubTexture name="planet_earth" x="1100" y="1100" width="550" height="550"/>
    <SubTexture name="planet_forest" x="1100" y="550" width="550" height="550"/>
    <SubTexture name="planet_mars" x="550" y="0" width="550" height="550"/>
    <SubTexture name="planet_water" x="0" y="550" width="550" height="550"/>
</TextureAtlas>
