<?xml version="1.0" encoding="UTF-8"?>
<!-- Created with TexturePacker http://texturepacker.com-->
<!-- $TexturePacker:SmartUpdate:28fd9932cfb8da93f8f76ddbfac80ce5$ -->
<TextureAtlas imagePath="robot_jump.png">
    <SubTexture name="robot_anim_finale0047" x="0" y="0" width="75" height="90"/>
    <SubTexture name="robot_anim_finale0048" x="75" y="0" width="75" height="90"/>
    <SubTexture name="robot_anim_finale0049" x="150" y="0" width="75" height="90"/>
    <SubTexture name="robot_anim_finale0050" x="0" y="90" width="75" height="90"/>
    <SubTexture name="robot_anim_finale0051" x="75" y="90" width="75" height="90"/>
    <SubTexture name="robot_anim_finale0052" x="150" y="90" width="75" height="90"/>
    <SubTexture name="robot_anim_finale0053" x="0" y="180" width="75" height="90"/>
    <SubTexture name="robot_anim_finale0054" x="75" y="180" width="75" height="90"/>
    <SubTexture name="robot_anim_finale0055" x="150" y="180" width="75" height="90"/>
    <SubTexture name="robot_anim_finale0056" x="0" y="270" width="75" height="90"/>
    <SubTexture name="robot_anim_finale0057" x="75" y="270" width="75" height="90"/>
    <SubTexture name="robot_anim_finale0058" x="150" y="270" width="75" height="90"/>
    <SubTexture name="robot_anim_finale0059" x="0" y="360" width="75" height="90"/>
</TextureAtlas>
