<?xml version="1.0" encoding="UTF-8"?>
<!-- Created with TexturePacker http://texturepacker.com-->
<!-- $TexturePacker:SmartUpdate:2b775840c43e025298da3cf2956022ba$ -->
<TextureAtlas imagePath="robot_landing.png">
    <SubTexture name="robot_anim_finale0060" x="0" y="0" width="75" height="90"/>
    <SubTexture name="robot_anim_finale0061" x="75" y="0" width="75" height="90"/>
    <SubTexture name="robot_anim_finale0062" x="150" y="0" width="75" height="90"/>
    <SubTexture name="robot_anim_finale0063" x="225" y="0" width="75" height="90"/>
    <SubTexture name="robot_anim_finale0064" x="300" y="0" width="75" height="90"/>
    <SubTexture name="robot_anim_finale0065" x="375" y="0" width="75" height="90"/>
    <SubTexture name="robot_anim_finale0066" x="0" y="90" width="75" height="90"/>
    <SubTexture name="robot_anim_finale0067" x="75" y="90" width="75" height="90"/>
    <SubTexture name="robot_anim_finale0068" x="150" y="90" width="75" height="90"/>
    <SubTexture name="robot_anim_finale0069" x="225" y="90" width="75" height="90"/>
    <SubTexture name="robot_anim_finale0070" x="300" y="90" width="75" height="90"/>
    <SubTexture name="robot_anim_finale0071" x="375" y="90" width="75" height="90"/>
    <SubTexture name="robot_anim_finale0072" x="0" y="180" width="75" height="90"/>
    <SubTexture name="robot_anim_finale0073" x="75" y="180" width="75" height="90"/>
    <SubTexture name="robot_anim_finale0074" x="150" y="180" width="75" height="90"/>
    <SubTexture name="robot_anim_finale0075" x="225" y="180" width="75" height="90"/>
    <SubTexture name="robot_anim_finale0076" x="300" y="180" width="75" height="90"/>
    <SubTexture name="robot_anim_finale0077" x="375" y="180" width="75" height="90"/>
    <SubTexture name="robot_anim_finale0078" x="225" y="360" width="75" height="90"/>
    <SubTexture name="robot_anim_finale0079" x="0" y="270" width="75" height="90"/>
    <SubTexture name="robot_anim_finale0080" x="75" y="270" width="75" height="90"/>
    <SubTexture name="robot_anim_finale0081" x="150" y="270" width="75" height="90"/>
    <SubTexture name="robot_anim_finale0082" x="225" y="270" width="75" height="90"/>
    <SubTexture name="robot_anim_finale0083" x="300" y="270" width="75" height="90"/>
    <SubTexture name="robot_anim_finale0084" x="375" y="270" width="75" height="90"/>
    <SubTexture name="robot_anim_finale0085" x="0" y="360" width="75" height="90"/>
    <SubTexture name="robot_anim_finale0086" x="75" y="360" width="75" height="90"/>
    <SubTexture name="robot_anim_finale0087" x="150" y="360" width="75" height="90"/>
    <SubTexture name="robot_anim_finale0088" x="225" y="360" width="75" height="90"/>
</TextureAtlas>
