<?xml version="1.0" encoding="UTF-8"?>
<!-- Created with TexturePacker http://texturepacker.com-->
<!-- $TexturePacker:SmartUpdate:eb65f5547d8d306ab27dcd5004aeccdc$ -->
<TextureAtlas imagePath="robot_blow.png">
    <SubTexture name="explosion0001" x="0" y="0" width="230" height="210"/>
    <SubTexture name="explosion0002" x="230" y="0" width="230" height="210"/>
    <SubTexture name="explosion0003" x="460" y="0" width="230" height="210"/>
    <SubTexture name="explosion0004" x="690" y="0" width="230" height="210"/>
    <SubTexture name="explosion0005" x="0" y="210" width="230" height="210"/>
    <SubTexture name="explosion0006" x="230" y="210" width="230" height="210"/>
    <SubTexture name="explosion0007" x="460" y="210" width="230" height="210"/>
    <SubTexture name="explosion0008" x="690" y="210" width="230" height="210"/>
    <SubTexture name="explosion0009" x="0" y="420" width="230" height="210"/>
    <SubTexture name="explosion0010" x="230" y="420" width="230" height="210"/>
    <SubTexture name="explosion0011" x="460" y="420" width="230" height="210"/>
    <SubTexture name="explosion0012" x="690" y="420" width="230" height="210"/>
    <SubTexture name="explosion0013" x="0" y="630" width="230" height="210"/>
    <SubTexture name="explosion0014" x="230" y="630" width="230" height="210"/>
    <SubTexture name="explosion0015" x="460" y="630" width="230" height="210"/>
    <SubTexture name="explosion0016" x="690" y="630" width="230" height="210"/>
    <SubTexture name="explosion0017" x="0" y="840" width="230" height="210"/>
    <SubTexture name="explosion0018" x="230" y="840" width="230" height="210"/>
    <SubTexture name="explosion0019" x="460" y="840" width="230" height="210"/>
    <SubTexture name="explosion0020" x="690" y="840" width="230" height="210"/>
    <SubTexture name="explosion0021" x="0" y="1050" width="230" height="210"/>
    <SubTexture name="explosion0022" x="230" y="1050" width="230" height="210"/>
    <SubTexture name="robot_antenna" x="460" y="1050" width="8" height="122"/>
    <SubTexture name="robot_foot" x="468" y="1050" width="40" height="136"/>
    <SubTexture name="robot_head" x="508" y="1050" width="156" height="164"/>
    <SubTexture name="robot_leg" x="664" y="1050" width="104" height="37"/>
</TextureAtlas>
